tag_code,node,slot,event_type_name,n_dets,min_det,max_det,duration_sec,travel_time_sec,residency_hr,node_id,node_order,path,direction
384.1B79731CA1,HRSC-OUT,11,Observation,72,2022-06-03T05:42:45Z,2022-06-03T05:43:18Z,33,95605,26.556944444444444,HRSC6,6,SRSC1 SRSC2 HRSC1-L HRSC-UP HRSC-MID HRSC-OUT,forward
384.1B79732035,HRSC-OUT,2,Observation,47138,2022-06-14T16:51:37Z,2022-07-22T20:59:42Z,3298085,2997890,832.7472222222223,HRSC6,6,SRSC1 SRSC2 HRSC1-L HRSC-UP HRSC-MID HRSC-OUT,forward
384.1B7975A8C7,HRSC-MID,4,Observation,7,2021-10-07T14:48:24Z,2021-10-07T18:23:27Z,12903,18826,5.229444444444445,HRSC4,5,SRSC1 SRSC2 HRSC1-L HRSC-UP HRSC-MID,forward
384.1B7975A8C7,HRSC-OUT,6,Observation,62,2022-05-26T21:03:04Z,2022-05-26T21:03:06Z,2,19967886,5546.635,HRSC8,6,SRSC1 SRSC2 HRSC1-L HRSC-UP HRSC-MID HRSC-OUT,forward
384.1B7975A8C7,HRSC-OUT,7,Observation,97,2022-05-26T21:45:26Z,2022-05-26T21:45:30Z,4,2540,0.7055555555555556,HRSC7,6,SRSC1 SRSC2 HRSC1-L HRSC-UP HRSC-MID HRSC-OUT,forward
384.1B7975A8C7,HRSC-OUT,8,Observation,89,2022-05-26T21:48:17Z,2022-05-26T21:49:56Z,99,167,0.04638888888888889,HRSC6,6,SRSC1 SRSC2 HRSC1-L HRSC-UP HRSC-MID HRSC-OUT,forward
384.1B7976ABC3,HRSC-OUT,2,Observation,2792,2022-05-29T12:47:53Z,2022-05-29T19:02:32Z,22479,352788,97.99666666666667,HRSC6,6,SRSC1 SRSC2 HRSC1-L HRSC-UP HRSC-MID HRSC-OUT,forward
384.1B7976ABC3,HRSC-OUT,3,Observation,124492,2022-06-01T07:39:57Z,2022-06-16T05:21:52Z,1287715,218245,60.62361111111111,HRSC7,6,SRSC1 SRSC2 HRSC1-L HRSC-UP HRSC-MID HRSC-OUT,forward
3D9.239F88BC3F,HRSC-MID,3,Observation,1,2022-04-11T11:11:44Z,2022-04-11T11:11:44Z,0,1921902,533.8616666666667,HRSC4,5,SRSC1 SRSC2 HRSC1-L HRSC-UP HRSC-MID,forward
3D9.239F88BC3F,HRSC-MID,4,Observation,1,2022-04-11T11:12:22Z,2022-04-11T11:12:22Z,0,38,0.010555555555555556,HRSC5,5,SRSC1 SRSC2 HRSC1-L HRSC-UP HRSC-MID,forward
3D9.239F88CD8C,HRSC-MID,2,Observation,1,2022-03-31T23:36:46Z,2022-03-31T23:36:46Z,0,14529223,4035.8952777777777,HRSC4,5,SRSC1 SRSC2 HRSC1-L HRSC-UP HRSC-MID,forward
3D9.239F88CD8C,HRSC-MID,3,Observation,1,2022-03-31T23:37:18Z,2022-03-31T23:37:18Z,0,32,0.008888888888888889,HRSC5,5,SRSC1 SRSC2 HRSC1-L HRSC-UP HRSC-MID,forward
3D9.239F88CE2A,HRSC-OUT,2,Observation,1,2022-04-02T20:21:56Z,2022-04-02T20:21:56Z,0,3981817,1106.0602777777779,HRSC8,6,SRSC1 SRSC2 HRSC1-L HRSC-UP HRSC-MID HRSC-OUT,forward
3DD.003D57DE61,HRSC-MID,5,Observation,70,2022-06-18T12:58:38Z,2022-06-18T12:58:40Z,2,1293261,359.2391666666667,HRSC5,5,SRSC1 SRSC2 HRSC1-L HRSC-UP HRSC-MID,forward
3DD.003D57DE61,HRSC-MID,6,Observation,395,2022-06-18T13:06:10Z,2022-06-18T13:08:31Z,141,450,0.125,HRSC4,5,SRSC1 SRSC2 HRSC1-L HRSC-UP HRSC-MID,forward
3DD.003D57DE61,HRSC-MID,7,Observation,499,2022-06-18T13:15:32Z,2022-06-18T13:28:39Z,787,421,0.11694444444444445,HRSC5,5,SRSC1 SRSC2 HRSC1-L HRSC-UP HRSC-MID,forward
3DD.003D57E041,HRSC-OUT,5,Observation,113,2022-05-04T22:49:46Z,2022-05-04T22:49:50Z,4,31870675,8852.965277777777,HRSC8,6,SRSC1 SRSC2 HRSC1-L HRSC-UP HRSC-MID HRSC-OUT,forward
3DD.003D57E041,HRSC-OUT,6,Observation,157,2022-05-04T23:51:07Z,2022-05-04T23:51:14Z,7,3677,1.021388888888889,HRSC7,6,SRSC1 SRSC2 HRSC1-L HRSC-UP HRSC-MID HRSC-OUT,forward
3DD.003D57E041,HRSC-OUT,7,Observation,176,2022-05-04T23:55:25Z,2022-05-04T23:55:31Z,6,251,0.06972222222222223,HRSC6,6,SRSC1 SRSC2 HRSC1-L HRSC-UP HRSC-MID HRSC-OUT,forward
3DD.003D57E041,HRSC-OUT,8,Observation,309,2022-05-05T00:44:27Z,2022-05-05T00:44:38Z,11,2936,0.8155555555555556,HRSC8,6,SRSC1 SRSC2 HRSC1-L HRSC-UP HRSC-MID HRSC-OUT,forward
3DD.003D57E041,HRSC-OUT,9,Observation,282,2022-05-05T01:38:35Z,2022-05-05T01:38:44Z,9,3237,0.8991666666666667,HRSC7,6,SRSC1 SRSC2 HRSC1-L HRSC-UP HRSC-MID HRSC-OUT,forward
3DD.003D57E041,HRSC-OUT,10,Observation,664,2022-05-05T01:41:39Z,2022-05-05T02:12:28Z,1849,175,0.04861111111111111,HRSC6,6,SRSC1 SRSC2 HRSC1-L HRSC-UP HRSC-MID HRSC-OUT,forward
3DD.003D57E041,HRSC-OUT,11,Observation,1007,2022-05-05T02:14:40Z,2022-05-05T02:20:45Z,365,132,0.03666666666666667,HRSC7,6,SRSC1 SRSC2 HRSC1-L HRSC-UP HRSC-MID HRSC-OUT,forward
3DD.003D57E041,HRSC-OUT,12,Observation,341,2022-05-05T02:24:07Z,2022-05-05T02:27:32Z,205,202,0.05611111111111111,HRSC6,6,SRSC1 SRSC2 HRSC1-L HRSC-UP HRSC-MID HRSC-OUT,forward
3DD.003D57E041,HRSC-OUT,13,Observation,745,2022-05-05T02:30:27Z,2022-05-05T04:00:23Z,5396,175,0.04861111111111111,HRSC7,6,SRSC1 SRSC2 HRSC1-L HRSC-UP HRSC-MID HRSC-OUT,forward
3DD.003D57E041,HRSC-OUT,14,Observation,178,2022-05-05T04:02:17Z,2022-05-05T04:02:23Z,6,114,0.03166666666666667,HRSC6,6,SRSC1 SRSC2 HRSC1-L HRSC-UP HRSC-MID HRSC-OUT,forward
3DD.003D57E041,HRSC-OUT,15,Observation,785,2022-05-05T20:18:22Z,2022-05-05T20:28:54Z,632,58559,16.26638888888889,HRSC8,6,SRSC1 SRSC2 HRSC1-L HRSC-UP HRSC-MID HRSC-OUT,forward
3DD.003D57F3F0,HRSC-OUT,1,Observation,1,2021-10-13T18:59:16Z,2021-10-13T18:59:16Z,0,NA,NA,HRSC7,6,SRSC1 SRSC2 HRSC1-L HRSC-UP HRSC-MID HRSC-OUT,forward
3DD.003D57F3F0,HRSC-OUT,2,Observation,1,2021-10-13T20:57:43Z,2021-10-13T20:57:43Z,0,7107,1.9741666666666666,HRSC6,6,SRSC1 SRSC2 HRSC1-L HRSC-UP HRSC-MID HRSC-OUT,forward
3DD.003D57F3F0,HRSC-OUT,3,Observation,1,2021-10-14T06:26:12Z,2021-10-14T06:26:12Z,0,34109,9.474722222222223,HRSC8,6,SRSC1 SRSC2 HRSC1-L HRSC-UP HRSC-MID HRSC-OUT,forward
3DD.003D57F6A7,HRSC-MID,3,Observation,11,2021-10-20T19:37:50Z,2021-10-21T04:12:09Z,30859,551,0.15305555555555556,HRSC4,5,SRSC1 SRSC2 HRSC1-L HRSC-UP HRSC-MID,forward
3DD.003D57F6A7,HRSC-MID,5,Observation,3,2021-10-21T07:26:52Z,2021-10-21T07:37:48Z,656,368,0.10222222222222223,HRSC4,5,SRSC1 SRSC2 HRSC1-L HRSC-UP HRSC-MID,forward
3DD.003D57F6A7,HRSC-MID,7,Observation,4,2021-10-21T18:43:28Z,2021-10-22T06:23:36Z,42008,648,0.18,HRSC4,5,SRSC1 SRSC2 HRSC1-L HRSC-UP HRSC-MID,forward
3DD.003D57F6A7,HRSC-MID,9,Observation,47,2021-10-22T19:34:37Z,2021-10-23T04:29:11Z,32074,269,0.07472222222222222,HRSC4,5,SRSC1 SRSC2 HRSC1-L HRSC-UP HRSC-MID,forward
3DD.003D57F6A7,HRSC-MID,11,Observation,43,2021-10-23T19:47:59Z,2021-10-23T20:32:06Z,2647,3788,1.0522222222222222,HRSC4,5,SRSC1 SRSC2 HRSC1-L HRSC-UP HRSC-MID,forward
3DD.003D57F6A7,HRSC-MID,13,Observation,11,2021-10-24T18:38:50Z,2021-10-25T06:33:29Z,42879,227,0.06305555555555556,HRSC4,5,SRSC1 SRSC2 HRSC1-L HRSC-UP HRSC-MID,forward
3DD.003D57F6A7,HRSC-MID,15,Observation,1,2021-11-08T14:41:33Z,2021-11-08T14:41:33Z,0,77,0.021388888888888888,HRSC4,5,SRSC1 SRSC2 HRSC1-L HRSC-UP HRSC-MID,forward
3DD.003D57F6A7,HRSC-MID,16,Observation,1,2021-11-08T15:08:00Z,2021-11-08T15:08:00Z,0,1587,0.44083333333333335,HRSC5,5,SRSC1 SRSC2 HRSC1-L HRSC-UP HRSC-MID,forward
3DD.003D57F6A7,HRSC-MID,17,Observation,1,2021-11-08T15:10:43Z,2021-11-08T15:10:43Z,0,163,0.04527777777777778,HRSC4,5,SRSC1 SRSC2 HRSC1-L HRSC-UP HRSC-MID,forward
3DD.003D57F6A7,HRSC-MID,19,Observation,1,2021-11-09T06:28:54Z,2021-11-09T06:28:54Z,0,291,0.08083333333333333,HRSC4,5,SRSC1 SRSC2 HRSC1-L HRSC-UP HRSC-MID,forward
3DD.003D57F6A7,HRSC-MID,20,Observation,1,2021-11-09T06:31:11Z,2021-11-09T06:31:11Z,0,137,0.03805555555555556,HRSC5,5,SRSC1 SRSC2 HRSC1-L HRSC-UP HRSC-MID,forward
3DD.003D57F6A7,HRSC-MID,21,Observation,2,2021-11-09T07:31:19Z,2021-11-09T07:39:32Z,493,3608,1.0022222222222221,HRSC4,5,SRSC1 SRSC2 HRSC1-L HRSC-UP HRSC-MID,forward
3DD.003D57F6A7,HRSC-MID,22,Observation,1,2021-11-09T08:02:09Z,2021-11-09T08:02:09Z,0,1357,0.37694444444444447,HRSC5,5,SRSC1 SRSC2 HRSC1-L HRSC-UP HRSC-MID,forward
3DD.003D57F6A7,HRSC-MID,23,Observation,1,2021-11-09T08:03:58Z,2021-11-09T08:03:58Z,0,109,0.03027777777777778,HRSC4,5,SRSC1 SRSC2 HRSC1-L HRSC-UP HRSC-MID,forward
3DD.003D57F6A7,HRSC-MID,28,Observation,1,2021-11-09T15:34:21Z,2021-11-09T15:34:21Z,0,12128,3.368888888888889,HRSC4,5,SRSC1 SRSC2 HRSC1-L HRSC-UP HRSC-MID,forward
3DD.003D57F6A7,HRSC-MID,35,Observation,1,2021-11-13T15:05:54Z,2021-11-13T15:05:54Z,0,30700,8.527777777777779,HRSC5,5,SRSC1 SRSC2 HRSC1-L HRSC-UP HRSC-MID,forward
3DD.003D57F6A7,HRSC-OUT,29,Observation,1,2021-11-10T07:03:21Z,2021-11-10T07:03:21Z,0,55740,15.483333333333333,HRSC6,6,SRSC1 SRSC2 HRSC1-L HRSC-UP HRSC-MID HRSC-OUT,forward
3DD.003D57F6A7,HRSC-OUT,30,Observation,3,2021-11-10T07:33:47Z,2021-11-10T11:32:25Z,14318,1826,0.5072222222222222,HRSC8,6,SRSC1 SRSC2 HRSC1-L HRSC-UP HRSC-MID HRSC-OUT,forward
3DD.003D57F6A7,HRSC-OUT,31,Observation,1,2021-11-10T15:25:45Z,2021-11-10T15:25:45Z,0,14000,3.888888888888889,HRSC6,6,SRSC1 SRSC2 HRSC1-L HRSC-UP HRSC-MID HRSC-OUT,forward
3DD.003D57F6A7,HRSC-OUT,32,Observation,1,2021-11-10T15:26:10Z,2021-11-10T15:26:10Z,0,25,0.006944444444444444,HRSC7,6,SRSC1 SRSC2 HRSC1-L HRSC-UP HRSC-MID HRSC-OUT,forward
3DD.003D57F6A7,HRSC-OUT,34,Observation,1,2021-11-13T06:34:14Z,2021-11-13T06:34:14Z,0,160944,44.70666666666666,HRSC8,6,SRSC1 SRSC2 HRSC1-L HRSC-UP HRSC-MID HRSC-OUT,forward
3DD.003D57F6A7,HRSC-OUT,36,Observation,1,2021-11-14T06:46:59Z,2021-11-14T06:46:59Z,0,56465,15.684722222222222,HRSC8,6,SRSC1 SRSC2 HRSC1-L HRSC-UP HRSC-MID HRSC-OUT,forward
3DD.003D57F6A7,HRSC-OUT,37,Observation,1,2021-11-14T07:23:26Z,2021-11-14T07:23:26Z,0,2187,0.6075,HRSC6,6,SRSC1 SRSC2 HRSC1-L HRSC-UP HRSC-MID HRSC-OUT,forward
3DD.003D57F6D5,HRSC-OUT,2,Observation,2,2021-11-11T17:07:08Z,2021-11-11T17:08:08Z,60,2513481,698.1891666666667,HRSC8,6,SRSC1 SRSC2 HRSC1-L HRSC-UP HRSC-MID HRSC-OUT,forward
3DD.003D57F82D,HRSC-OUT,2,Observation,1,2021-10-05T21:15:58Z,2021-10-05T21:15:58Z,0,24483,6.800833333333333,HRSC8,6,SRSC1 SRSC2 HRSC1-L HRSC-UP HRSC-MID HRSC-OUT,forward
3DD.003D57F8A5,HRSC-OUT,2,Observation,1,2021-10-14T22:15:01Z,2021-10-14T22:15:01Z,0,189020,52.50555555555555,HRSC8,6,SRSC1 SRSC2 HRSC1-L HRSC-UP HRSC-MID HRSC-OUT,forward
3DD.003D57F901,HRSC-OUT,2,Observation,1,2022-06-25T07:53:00Z,2022-06-25T07:53:00Z,0,21501574,5972.6594444444445,HRSC6,6,SRSC1 SRSC2 HRSC1-L HRSC-UP HRSC-MID HRSC-OUT,forward
3DD.003D57FAB3,HRSC-OUT,2,Observation,1,2022-06-24T14:29:29Z,2022-06-24T14:29:29Z,0,20828239,5785.621944444444,HRSC8,6,SRSC1 SRSC2 HRSC1-L HRSC-UP HRSC-MID HRSC-OUT,forward
3DD.003D57FAB3,HRSC-OUT,3,Observation,28,2022-06-24T16:09:59Z,2022-06-24T16:10:00Z,1,6030,1.675,HRSC7,6,SRSC1 SRSC2 HRSC1-L HRSC-UP HRSC-MID HRSC-OUT,forward
3DD.003D57FB16,HRSC-OUT,2,Observation,1,2021-10-20T07:21:54Z,2021-10-20T07:21:54Z,0,163216,45.33777777777778,HRSC8,6,SRSC1 SRSC2 HRSC1-L HRSC-UP HRSC-MID HRSC-OUT,forward
3DD.003D57FB18,HRSC-OUT,2,Observation,1,2021-11-10T19:18:05Z,2021-11-10T19:18:05Z,0,2088437,580.1213888888889,HRSC8,6,SRSC1 SRSC2 HRSC1-L HRSC-UP HRSC-MID HRSC-OUT,forward
3DD.003D57FB85,HRSC-MID,7,Observation,2,2021-11-08T10:21:56Z,2021-11-08T10:30:31Z,515,67302,18.695,HRSC4,5,SRSC1 SRSC2 HRSC1-L HRSC-UP HRSC-MID,forward
3DD.003D57FB85,HRSC-MID,9,Observation,1,2021-11-08T14:41:36Z,2021-11-08T14:41:36Z,0,79,0.021944444444444444,HRSC4,5,SRSC1 SRSC2 HRSC1-L HRSC-UP HRSC-MID,forward
3DD.003D57FB85,HRSC-MID,10,Observation,1,2021-11-08T15:08:04Z,2021-11-08T15:08:04Z,0,1588,0.4411111111111111,HRSC5,5,SRSC1 SRSC2 HRSC1-L HRSC-UP HRSC-MID,forward
3DD.003D57FB85,HRSC-MID,12,Observation,3,2021-11-09T06:24:51Z,2021-11-09T07:31:15Z,3984,47,0.013055555555555556,HRSC4,5,SRSC1 SRSC2 HRSC1-L HRSC-UP HRSC-MID,forward
3DD.003D57FB85,HRSC-MID,13,Observation,2,2021-11-09T07:41:25Z,2021-11-09T08:02:12Z,1247,610,0.16944444444444445,HRSC5,5,SRSC1 SRSC2 HRSC1-L HRSC-UP HRSC-MID,forward
3DD.003D57FB85,HRSC-MID,14,Observation,2,2021-11-09T08:04:05Z,2021-11-09T08:15:17Z,672,113,0.03138888888888889,HRSC4,5,SRSC1 SRSC2 HRSC1-L HRSC-UP HRSC-MID,forward
3DD.003D57FB85,HRSC-MID,20,Observation,1,2021-11-09T15:30:27Z,2021-11-09T15:30:27Z,0,39,0.010833333333333334,HRSC4,5,SRSC1 SRSC2 HRSC1-L HRSC-UP HRSC-MID,forward
3DD.003D57FB85,HRSC-MID,21,Observation,1,2021-11-09T15:36:19Z,2021-11-09T15:36:19Z,0,352,0.09777777777777778,HRSC5,5,SRSC1 SRSC2 HRSC1-L HRSC-UP HRSC-MID,forward
3DD.003D57FB85,HRSC-MID,23,Observation,2,2021-11-13T14:57:23Z,2021-11-13T15:02:00Z,277,256950,71.375,HRSC4,5,SRSC1 SRSC2 HRSC1-L HRSC-UP HRSC-MID,forward
3DD.003D57FB85,HRSC-MID,24,Observation,1,2021-11-13T15:05:30Z,2021-11-13T15:05:30Z,0,210,0.058333333333333334,HRSC5,5,SRSC1 SRSC2 HRSC1-L HRSC-UP HRSC-MID,forward
3DD.003D57FB85,HRSC-OUT,22,Observation,3,2021-11-10T07:33:47Z,2021-11-10T15:34:53Z,28866,57448,15.957777777777778,HRSC8,6,SRSC1 SRSC2 HRSC1-L HRSC-UP HRSC-MID HRSC-OUT,forward
3DD.003D57FB85,HRSC-OUT,25,Observation,1,2021-11-14T07:24:20Z,2021-11-14T07:24:20Z,0,58730,16.31388888888889,HRSC6,6,SRSC1 SRSC2 HRSC1-L HRSC-UP HRSC-MID HRSC-OUT,forward
3DD.003D57FC72,HRSC-MID,3,Observation,70,2022-06-17T17:25:23Z,2022-06-17T17:25:26Z,3,4653904,1292.7511111111112,HRSC5,5,SRSC1 SRSC2 HRSC1-L HRSC-UP HRSC-MID,forward
3DD.003D57FC72,HRSC-MID,4,Observation,146,2022-06-18T04:04:51Z,2022-06-18T04:05:19Z,28,38365,10.656944444444445,HRSC4,5,SRSC1 SRSC2 HRSC1-L HRSC-UP HRSC-MID,forward
3DD.003D57FC72,HRSC-MID,5,Observation,6820,2022-06-18T05:49:59Z,2022-06-22T20:05:24Z,396925,6280,1.7444444444444445,HRSC5,5,SRSC1 SRSC2 HRSC1-L HRSC-UP HRSC-MID,forward
3DD.003D57FC72,HRSC-MID,6,Observation,2,2022-06-22T20:45:20Z,2022-06-22T21:03:15Z,1075,2396,0.6655555555555556,HRSC4,5,SRSC1 SRSC2 HRSC1-L HRSC-UP HRSC-MID,forward
3DD.003D57FC72,HRSC-MID,7,Observation,34,2022-06-23T02:50:29Z,2022-06-27T18:09:57Z,400768,20834,5.787222222222222,HRSC5,5,SRSC1 SRSC2 HRSC1-L HRSC-UP HRSC-MID,forward
3DD.003D57FC72,HRSC-MID,8,Observation,2,2022-06-27T19:09:18Z,2022-06-27T19:12:37Z,199,3561,0.9891666666666666,HRSC4,5,SRSC1 SRSC2 HRSC1-L HRSC-UP HRSC-MID,forward
3DD.003D57FC72,HRSC-MID,9,Observation,22,2022-06-27T19:17:14Z,2022-07-02T18:36:47Z,429573,277,0.07694444444444444,HRSC5,5,SRSC1 SRSC2 HRSC1-L HRSC-UP HRSC-MID,forward
3DD.003D57FF4E,HRSC-MID,7,Observation,6867,2022-06-16T10:31:18Z,2022-06-17T04:11:47Z,63629,111671,31.01972222222222,HRSC5,5,SRSC1 SRSC2 HRSC1-L HRSC-UP HRSC-MID,forward
3DD.003D57FFA6,HRSC-MID,3,Observation,2,2021-11-23T18:14:31Z,2021-11-23T20:47:11Z,9160,51,0.014166666666666666,HRSC4,5,SRSC1 SRSC2 HRSC1-L HRSC-UP HRSC-MID,forward
3DD.003D57FFA6,HRSC-MID,5,Observation,2,2021-11-23T21:01:04Z,2021-12-17T10:34:03Z,2035979,99,0.0275,HRSC4,5,SRSC1 SRSC2 HRSC1-L HRSC-UP HRSC-MID,forward
3DD.003D58001D,HRSC-OUT,2,Observation,55,2022-06-12T04:56:20Z,2022-06-12T04:56:22Z,2,53608238,14891.177222222223,HRSC6,6,SRSC1 SRSC2 HRSC1-L HRSC-UP HRSC-MID HRSC-OUT,forward
3DD.003D58001D,HRSC-OUT,3,Observation,74,2022-06-12T04:59:20Z,2022-06-12T04:59:24Z,4,178,0.049444444444444444,HRSC7,6,SRSC1 SRSC2 HRSC1-L HRSC-UP HRSC-MID HRSC-OUT,forward
3DD.003D58004A,HRSC-OUT,3,Observation,237,2022-05-05T01:52:01Z,2022-05-05T01:52:09Z,8,3571283,992.0230555555555,HRSC8,6,SRSC1 SRSC2 HRSC1-L HRSC-UP HRSC-MID HRSC-OUT,forward
3DD.003D58004A,HRSC-OUT,4,Observation,138,2022-05-05T02:43:01Z,2022-05-05T02:43:05Z,4,3052,0.8477777777777777,HRSC7,6,SRSC1 SRSC2 HRSC1-L HRSC-UP HRSC-MID HRSC-OUT,forward
3DD.003D58004A,HRSC-OUT,5,Observation,270,2022-05-05T02:47:12Z,2022-05-05T02:47:21Z,9,247,0.06861111111111111,HRSC6,6,SRSC1 SRSC2 HRSC1-L HRSC-UP HRSC-MID HRSC-OUT,forward
3DD.003D5801D5,HRSC-OUT,3,Observation,1,2021-10-15T21:15:50Z,2021-10-15T21:15:50Z,0,4682,1.3005555555555555,HRSC8,6,SRSC1 SRSC2 HRSC1-L HRSC-UP HRSC-MID HRSC-OUT,forward
3DD.003D7FD9AC,HRSC-OUT,3,Observation,1,2021-12-19T21:01:26Z,2021-12-19T21:01:26Z,0,3971,1.1030555555555555,HRSC6,6,SRSC1 SRSC2 HRSC1-L HRSC-UP HRSC-MID HRSC-OUT,forward
3DD.003D7FD9AC,HRSC-OUT,4,Observation,1,2021-12-19T21:02:04Z,2021-12-19T21:02:04Z,0,38,0.010555555555555556,HRSC7,6,SRSC1 SRSC2 HRSC1-L HRSC-UP HRSC-MID HRSC-OUT,forward
3DD.003D7FD9AC,HRSC-OUT,5,Observation,1,2021-12-19T22:16:41Z,2021-12-19T22:16:41Z,0,4477,1.243611111111111,HRSC8,6,SRSC1 SRSC2 HRSC1-L HRSC-UP HRSC-MID HRSC-OUT,forward
3DD.003D7FDBF0,HRSC-OUT,2,Observation,5,2021-09-05T02:32:12Z,2021-09-05T04:42:44Z,7832,659672,183.2422222222222,HRSC8,6,SRSC1 SRSC2 HRSC1-L HRSC-UP HRSC-MID HRSC-OUT,forward
3DD.003D7FE1A5,HRSC-OUT,2,Observation,1,2021-09-15T22:32:55Z,2021-09-15T22:32:55Z,0,16676,4.6322222222222225,HRSC8,6,SRSC1 SRSC2 HRSC1-L HRSC-UP HRSC-MID HRSC-OUT,forward
3DD.003D7FE21F,HRSC-OUT,7,Observation,1,2021-09-05T09:41:50Z,2021-09-05T09:41:50Z,0,20370,5.658333333333333,HRSC8,6,SRSC1 SRSC2 HRSC1-L HRSC-UP HRSC-MID HRSC-OUT,forward
3DD.003D7FE21F,HRSC-OUT,8,Observation,1,2021-09-05T10:55:32Z,2021-09-05T10:55:32Z,0,4422,1.2283333333333333,HRSC7,6,SRSC1 SRSC2 HRSC1-L HRSC-UP HRSC-MID HRSC-OUT,forward
3DD.003D7FE21F,HRSC-OUT,9,Observation,1,2021-09-05T10:58:15Z,2021-09-05T10:58:15Z,0,163,0.04527777777777778,HRSC6,6,SRSC1 SRSC2 HRSC1-L HRSC-UP HRSC-MID HRSC-OUT,forward
3DD.003D7FE2FA,HRSC-OUT,2,Observation,5,2021-09-29T18:30:05Z,2021-09-29T18:34:32Z,267,34255,9.515277777777778,HRSC7,6,SRSC1 SRSC2 HRSC1-L HRSC-UP HRSC-MID HRSC-OUT,forward
3DD.003D7FE2FA,HRSC-OUT,3,Observation,1,2021-09-29T18:50:43Z,2021-09-29T18:50:43Z,0,971,0.2697222222222222,HRSC8,6,SRSC1 SRSC2 HRSC1-L HRSC-UP HRSC-MID HRSC-OUT,forward
3DD.003D7FE2FA,HRSC-OUT,4,Observation,1,2021-09-29T20:38:22Z,2021-09-29T20:38:22Z,0,6459,1.7941666666666667,HRSC6,6,SRSC1 SRSC2 HRSC1-L HRSC-UP HRSC-MID HRSC-OUT,forward
3DD.003D7FE3B8,HRSC-OUT,2,Observation,1,2021-09-06T23:34:06Z,2021-09-06T23:34:06Z,0,45876,12.743333333333334,HRSC8,6,SRSC1 SRSC2 HRSC1-L HRSC-UP HRSC-MID HRSC-OUT,forward
3DD.003D7FE3BB,HRSC-OUT,2,Observation,2,2021-09-02T18:34:06Z,2021-09-02T18:41:24Z,438,28936,8.037777777777778,HRSC6,6,SRSC1 SRSC2 HRSC1-L HRSC-UP HRSC-MID HRSC-OUT,forward
3DD.003D7FE3BB,HRSC-OUT,3,Observation,1,2021-09-02T18:43:04Z,2021-09-02T18:43:04Z,0,100,0.027777777777777776,HRSC7,6,SRSC1 SRSC2 HRSC1-L HRSC-UP HRSC-MID HRSC-OUT,forward
3DD.003D7FE3BB,HRSC-OUT,4,Observation,1,2021-09-02T20:58:58Z,2021-09-02T20:58:58Z,0,8154,2.265,HRSC8,6,SRSC1 SRSC2 HRSC1-L HRSC-UP HRSC-MID HRSC-OUT,forward
3DD.003D7FE3DB,HRSC-OUT,2,Observation,2,2021-09-03T21:42:24Z,2021-09-03T22:09:54Z,1650,305749,84.93027777777777,HRSC8,6,SRSC1 SRSC2 HRSC1-L HRSC-UP HRSC-MID HRSC-OUT,forward
3DD.003D7FE3DD,HRSC-OUT,2,Observation,2,2021-09-05T01:36:47Z,2021-09-05T01:40:30Z,223,58967,16.379722222222224,HRSC8,6,SRSC1 SRSC2 HRSC1-L HRSC-UP HRSC-MID HRSC-OUT,forward
3DD.003D7FE518,HRSC-MID,6,Observation,2,2022-07-20T21:41:15Z,2022-07-20T21:42:22Z,67,2318218,643.9494444444445,HRSC5,5,SRSC1 SRSC2 HRSC1-L HRSC-UP HRSC-MID,forward
3DD.003D7FE518,HRSC-MID,7,Observation,3,2022-07-20T21:44:06Z,2022-07-20T21:45:22Z,76,104,0.028888888888888888,HRSC4,5,SRSC1 SRSC2 HRSC1-L HRSC-UP HRSC-MID,forward
3DD.003D7FE518,HRSC-MID,8,Observation,7,2022-07-20T23:48:44Z,2022-07-20T23:53:06Z,262,7402,2.056111111111111,HRSC5,5,SRSC1 SRSC2 HRSC1-L HRSC-UP HRSC-MID,forward
3DD.003D7FE518,HRSC-MID,9,Observation,2,2022-07-20T23:55:26Z,2022-07-20T23:59:59Z,273,140,0.03888888888888889,HRSC4,5,SRSC1 SRSC2 HRSC1-L HRSC-UP HRSC-MID,forward
3DD.003D7FE518,HRSC-MID,10,Observation,110,2022-07-21T00:29:17Z,2022-07-31T21:58:33Z,941356,1758,0.48833333333333334,HRSC5,5,SRSC1 SRSC2 HRSC1-L HRSC-UP HRSC-MID,forward
3DD.003D7FE518,HRSC-MID,11,Observation,2,2022-07-31T21:59:56Z,2022-07-31T22:06:10Z,374,83,0.023055555555555555,HRSC4,5,SRSC1 SRSC2 HRSC1-L HRSC-UP HRSC-MID,forward
3DD.003D7FE518,HRSC-MID,12,Observation,1,2022-07-31T22:07:15Z,2022-07-31T22:07:15Z,0,65,0.018055555555555554,HRSC5,5,SRSC1 SRSC2 HRSC1-L HRSC-UP HRSC-MID,forward
3DD.003D7FE678,HRSC-OUT,1,Observation,3,2021-10-26T13:17:00Z,2021-10-26T16:50:19Z,12799,NA,NA,HRSC8,6,SRSC1 SRSC2 HRSC1-L HRSC-UP HRSC-MID HRSC-OUT,forward
3DD.003D7FE678,HRSC-OUT,2,Observation,1,2021-10-26T18:47:38Z,2021-10-26T18:47:38Z,0,7039,1.9552777777777777,HRSC7,6,SRSC1 SRSC2 HRSC1-L HRSC-UP HRSC-MID HRSC-OUT,forward
3DD.003D7FE678,HRSC-OUT,3,Observation,1,2021-10-26T18:50:22Z,2021-10-26T18:50:22Z,0,164,0.04555555555555556,HRSC6,6,SRSC1 SRSC2 HRSC1-L HRSC-UP HRSC-MID HRSC-OUT,forward
3DD.003D7FE6A1,HRSC-OUT,2,Observation,10,2022-06-10T19:37:43Z,2022-06-10T19:37:44Z,1,32338563,8982.934166666666,HRSC8,6,SRSC1 SRSC2 HRSC1-L HRSC-UP HRSC-MID HRSC-OUT,forward
3DD.003D7FE6D0,HRSC-OUT,2,Observation,1,2021-09-18T03:57:48Z,2021-09-18T03:57:48Z,0,7733970,2148.325,HRSC7,6,SRSC1 SRSC2 HRSC1-L HRSC-UP HRSC-MID HRSC-OUT,forward
3DD.003D7FE6D0,HRSC-OUT,3,Observation,2,2021-09-18T04:08:13Z,2021-09-18T04:09:20Z,67,625,0.1736111111111111,HRSC8,6,SRSC1 SRSC2 HRSC1-L HRSC-UP HRSC-MID HRSC-OUT,forward
3DD.003D7FE6D0,HRSC-OUT,4,Observation,1,2021-09-18T06:00:51Z,2021-09-18T06:00:51Z,0,6691,1.8586111111111112,HRSC6,6,SRSC1 SRSC2 HRSC1-L HRSC-UP HRSC-MID HRSC-OUT,forward
3DD.003D7FE7EF,HRSC-OUT,2,Observation,1,2021-11-09T18:20:27Z,2021-11-09T18:20:27Z,0,7478,2.0772222222222223,HRSC8,6,SRSC1 SRSC2 HRSC1-L HRSC-UP HRSC-MID HRSC-OUT,forward
3DD.003D7FE8DD,HRSC-MID,5,Observation,120,2022-06-16T16:40:22Z,2022-06-16T18:20:12Z,5990,1352806,375.77944444444444,HRSC5,5,SRSC1 SRSC2 HRSC1-L HRSC-UP HRSC-MID,forward
3DD.003D7FE8DD,HRSC-OUT,2,Observation,1509,2022-05-31T23:55:59Z,2022-06-01T00:29:10Z,1991,5580584,1550.1622222222222,HRSC6,6,SRSC1 SRSC2 HRSC1-L HRSC-UP HRSC-MID HRSC-OUT,forward
3DD.003D7FED8D,HRSC-MID,2,Observation,2,2022-02-13T23:54:52Z,2022-02-14T21:02:01Z,76029,22583273,6273.131388888889,HRSC5,5,SRSC1 SRSC2 HRSC1-L HRSC-UP HRSC-MID,forward
3DD.003D7FED99,HRSC-MID,5,Observation,1,2021-11-13T15:04:59Z,2021-11-13T15:04:59Z,0,3387794,941.0538888888889,HRSC5,5,SRSC1 SRSC2 HRSC1-L HRSC-UP HRSC-MID,forward
3DD.003D7FED99,HRSC-OUT,6,Observation,1,2021-11-14T06:47:01Z,2021-11-14T06:47:01Z,0,56522,15.700555555555555,HRSC8,6,SRSC1 SRSC2 HRSC1-L HRSC-UP HRSC-MID HRSC-OUT,forward
3DD.003D7FED9A,HRSC-MID,5,Observation,66183,2022-05-17T03:20:24Z,2022-05-27T18:45:40Z,919516,488567,135.71305555555554,HRSC5,5,SRSC1 SRSC2 HRSC1-L HRSC-UP HRSC-MID,forward
3DD.003D7FED9A,HRSC-MID,6,Observation,2080,2022-05-30T12:19:38Z,2022-05-30T16:19:31Z,14393,236038,65.56611111111111,HRSC4,5,SRSC1 SRSC2 HRSC1-L HRSC-UP HRSC-MID,forward
3DD.003D7FED9A,HRSC-MID,7,Observation,38640,2022-06-08T02:41:28Z,2022-06-08T03:33:15Z,3107,728517,202.36583333333334,HRSC5,5,SRSC1 SRSC2 HRSC1-L HRSC-UP HRSC-MID,forward
3DD.003D7FED9A,HRSC-MID,8,Observation,424,2022-06-13T05:19:42Z,2022-06-14T18:37:12Z,134250,438387,121.77416666666667,HRSC4,5,SRSC1 SRSC2 HRSC1-L HRSC-UP HRSC-MID,forward
3DD.003D7FED9A,HRSC-MID,9,Observation,49378,2022-06-16T10:20:37Z,2022-06-18T17:38:48Z,199091,143005,39.72361111111111,HRSC5,5,SRSC1 SRSC2 HRSC1-L HRSC-UP HRSC-MID,forward
3DD.003D7FED9A,HRSC-MID,10,Observation,121,2022-06-18T22:18:18Z,2022-06-18T22:29:40Z,682,16770,4.658333333333333,HRSC4,5,SRSC1 SRSC2 HRSC1-L HRSC-UP HRSC-MID,forward
3DD.003D7FED9A,HRSC-MID,11,Observation,3193,2022-06-19T04:55:08Z,2022-06-23T02:37:14Z,337326,23128,6.424444444444444,HRSC5,5,SRSC1 SRSC2 HRSC1-L HRSC-UP HRSC-MID,forward
3DD.003D7FED9A,HRSC-MID,12,Observation,2,2022-06-23T02:59:49Z,2022-06-23T03:08:41Z,532,1355,0.3763888888888889,HRSC4,5,SRSC1 SRSC2 HRSC1-L HRSC-UP HRSC-MID,forward
3DD.003D7FED9A,HRSC-MID,13,Observation,1606,2022-06-23T04:43:57Z,2022-07-29T22:39:53Z,3174956,5716,1.5877777777777777,HRSC5,5,SRSC1 SRSC2 HRSC1-L HRSC-UP HRSC-MID,forward
3DD.003D7FEDB9,HRSC-OUT,2,Observation,4,2021-10-13T03:04:21Z,2021-11-24T06:29:02Z,3641081,9742776,2706.326666666667,HRSC8,6,SRSC1 SRSC2 HRSC1-L HRSC-UP HRSC-MID HRSC-OUT,forward
3DD.003D7FEE3A,HRSC-MID,3,Observation,2,2022-01-13T08:50:51Z,2022-01-13T08:57:03Z,372,20,0.005555555555555556,HRSC4,5,SRSC1 SRSC2 HRSC1-L HRSC-UP HRSC-MID,forward
3DD.003D7FEE48,HRSC-MID,2,Observation,1,2021-12-18T13:41:09Z,2021-12-18T13:41:09Z,0,13318963,3699.7119444444443,HRSC5,5,SRSC1 SRSC2 HRSC1-L HRSC-UP HRSC-MID,forward
3DD.003D7FEE48,HRSC-MID,3,Observation,3,2021-12-18T16:08:26Z,2021-12-18T16:59:12Z,3046,8837,2.4547222222222222,HRSC4,5,SRSC1 SRSC2 HRSC1-L HRSC-UP HRSC-MID,forward
3DD.003D7FEE48,HRSC-MID,4,Observation,1,2021-12-18T17:01:47Z,2021-12-18T17:01:47Z,0,155,0.043055555555555555,HRSC5,5,SRSC1 SRSC2 HRSC1-L HRSC-UP HRSC-MID,forward
3DD.003D7FEEA1,HRSC-MID,2,Observation,1,2021-10-12T07:51:41Z,2021-10-12T07:51:41Z,0,1625738,451.5938888888889,HRSC4,5,SRSC1 SRSC2 HRSC1-L HRSC-UP HRSC-MID,forward
3DD.003D7FEEE8,HRSC-MID,5,Observation,88,2022-06-18T06:13:46Z,2022-06-18T06:13:52Z,6,258034,71.67611111111111,HRSC5,5,SRSC1 SRSC2 HRSC1-L HRSC-UP HRSC-MID,forward
3DD.003D7FEEE8,HRSC-MID,6,Observation,22,2022-06-18T06:22:03Z,2022-06-18T06:22:30Z,27,491,0.1363888888888889,HRSC4,5,SRSC1 SRSC2 HRSC1-L HRSC-UP HRSC-MID,forward
3DD.003D7FEEF1,HRSC-OUT,2,Observation,3,2022-03-20T06:02:51Z,2022-03-20T06:16:04Z,793,24330470,6758.4638888888885,HRSC8,6,SRSC1 SRSC2 HRSC1-L HRSC-UP HRSC-MID HRSC-OUT,forward
3DD.003D7FEEF1,HRSC-OUT,3,Observation,1,2022-03-20T07:22:02Z,2022-03-20T07:22:02Z,0,3958,1.0994444444444444,HRSC7,6,SRSC1 SRSC2 HRSC1-L HRSC-UP HRSC-MID HRSC-OUT,forward
3DD.003D7FEEF1,HRSC-OUT,4,Observation,1,2022-03-20T07:25:32Z,2022-03-20T07:25:32Z,0,210,0.058333333333333334,HRSC6,6,SRSC1 SRSC2 HRSC1-L HRSC-UP HRSC-MID HRSC-OUT,forward
3DD.003D7FEF44,HRSC-MID,2,Observation,4,2021-09-15T23:59:56Z,2021-09-16T00:53:20Z,3204,117377,32.60472222222222,HRSC5,5,SRSC1 SRSC2 HRSC1-L HRSC-UP HRSC-MID,forward
3DD.003D7FEF66,HRSC-OUT,2,Observation,1,2022-06-29T10:50:41Z,2022-06-29T10:50:41Z,0,25284478,7023.466111111111,HRSC8,6,SRSC1 SRSC2 HRSC1-L HRSC-UP HRSC-MID HRSC-OUT,forward
3DD.003D7FEF66,HRSC-OUT,3,Observation,8,2022-06-29T13:28:50Z,2022-06-29T13:28:50Z,0,9489,2.6358333333333333,HRSC7,6,SRSC1 SRSC2 HRSC1-L HRSC-UP HRSC-MID HRSC-OUT,forward
3DD.003D7FEF66,HRSC-OUT,4,Observation,1,2022-06-29T13:34:54Z,2022-06-29T13:34:54Z,0,364,0.10111111111111111,HRSC6,6,SRSC1 SRSC2 HRSC1-L HRSC-UP HRSC-MID HRSC-OUT,forward
3DD.003D7FEFDB,HRSC-MID,2,Observation,5,2021-09-28T23:18:59Z,2021-09-28T23:55:49Z,2210,728230,202.2861111111111,HRSC5,5,SRSC1 SRSC2 HRSC1-L HRSC-UP HRSC-MID,forward
3DD.003D7FEFDB,HRSC-MID,3,Observation,4,2021-09-29T01:33:46Z,2021-09-29T01:51:46Z,1080,5877,1.6325,HRSC4,5,SRSC1 SRSC2 HRSC1-L HRSC-UP HRSC-MID,forward
3DD.003D7FEFDB,HRSC-MID,4,Observation,7,2021-09-29T14:15:03Z,2021-09-29T16:23:32Z,7709,44597,12.388055555555555,HRSC5,5,SRSC1 SRSC2 HRSC1-L HRSC-UP HRSC-MID,forward
3DD.003D7FEFDB,HRSC-MID,5,Observation,2,2021-09-29T16:40:08Z,2021-09-29T17:20:32Z,2424,996,0.27666666666666667,HRSC4,5,SRSC1 SRSC2 HRSC1-L HRSC-UP HRSC-MID,forward
3DD.003D7FEFDB,HRSC-MID,6,Observation,5,2021-09-29T18:42:00Z,2021-09-29T19:40:49Z,3529,4888,1.3577777777777778,HRSC5,5,SRSC1 SRSC2 HRSC1-L HRSC-UP HRSC-MID,forward
3DD.003D7FEFDB,HRSC-MID,7,Observation,4,2021-09-29T21:10:31Z,2021-09-29T21:38:57Z,1706,5382,1.495,HRSC4,5,SRSC1 SRSC2 HRSC1-L HRSC-UP HRSC-MID,forward
3DD.003D7FEFF0,HRSC-MID,4,Observation,569,2022-06-17T17:05:11Z,2022-06-17T17:11:10Z,359,3010480,836.2444444444444,HRSC5,5,SRSC1 SRSC2 HRSC1-L HRSC-UP HRSC-MID,forward
3DD.003D7FEFFA,HRSC-MID,5,Observation,21,2022-07-17T03:33:06Z,2022-07-30T00:04:31Z,1110685,2545879,707.1886111111111,HRSC5,5,SRSC1 SRSC2 HRSC1-L HRSC-UP HRSC-MID,forward
3DD.003D7FF088,HRSC-OUT,2,Observation,1,2021-10-01T18:32:22Z,2021-10-01T18:32:22Z,0,426062,118.35055555555556,HRSC8,6,SRSC1 SRSC2 HRSC1-L HRSC-UP HRSC-MID HRSC-OUT,forward
3DD.003D7FF0C1,HRSC-MID,2,Observation,2,2021-09-29T23:08:52Z,2021-09-29T23:40:58Z,1926,457795,127.16527777777777,HRSC5,5,SRSC1 SRSC2 HRSC1-L HRSC-UP HRSC-MID,forward
3DD.003D7FF11B,HRSC-MID,2,Observation,1,2021-10-12T05:51:37Z,2021-10-12T05:51:37Z,0,909494,252.63722222222222,HRSC5,5,SRSC1 SRSC2 HRSC1-L HRSC-UP HRSC-MID,forward
3DD.003D7FF11B,HRSC-MID,3,Observation,1,2021-10-12T07:51:41Z,2021-10-12T07:51:41Z,0,7204,2.0011111111111113,HRSC4,5,SRSC1 SRSC2 HRSC1-L HRSC-UP HRSC-MID,forward
3DD.003D7FF134,HRSC-OUT,2,Observation,1,2021-10-01T18:32:24Z,2021-10-01T18:32:24Z,0,430432,119.56444444444445,HRSC8,6,SRSC1 SRSC2 HRSC1-L HRSC-UP HRSC-MID HRSC-OUT,forward
3DD.003D7FF535,HRSC-OUT,3,Observation,1,2022-03-20T12:32:01Z,2022-03-20T12:32:01Z,0,108618,30.171666666666667,HRSC8,6,SRSC1 SRSC2 HRSC1-L HRSC-UP HRSC-MID HRSC-OUT,forward
3DD.003D7FF535,HRSC-OUT,4,Observation,1,2022-03-20T20:49:01Z,2022-03-20T20:49:01Z,0,29820,8.283333333333333,HRSC7,6,SRSC1 SRSC2 HRSC1-L HRSC-UP HRSC-MID HRSC-OUT,forward
3DD.003D7FF535,HRSC-OUT,5,Observation,1,2022-03-20T20:56:21Z,2022-03-20T20:56:21Z,0,440,0.12222222222222222,HRSC6,6,SRSC1 SRSC2 HRSC1-L HRSC-UP HRSC-MID HRSC-OUT,forward
3DD.003D7FF54D,HRSC-MID,2,Observation,1,2021-12-07T17:54:24Z,2021-12-07T17:54:24Z,0,5883079,1634.1886111111112,HRSC5,5,SRSC1 SRSC2 HRSC1-L HRSC-UP HRSC-MID,forward
3DD.003D7FF54D,HRSC-MID,3,Observation,60,2021-12-07T18:03:01Z,2021-12-15T04:32:58Z,642597,517,0.1436111111111111,HRSC4,5,SRSC1 SRSC2 HRSC1-L HRSC-UP HRSC-MID,forward
3DD.003D7FF54D,HRSC-MID,4,Observation,1,2021-12-15T04:40:07Z,2021-12-15T04:40:07Z,0,429,0.11916666666666667,HRSC5,5,SRSC1 SRSC2 HRSC1-L HRSC-UP HRSC-MID,forward
3DD.003D7FF553,HRSC-OUT,3,Observation,2,2022-07-02T00:50:25Z,2022-07-02T00:50:30Z,5,1885375,523.7152777777778,HRSC8,6,SRSC1 SRSC2 HRSC1-L HRSC-UP HRSC-MID HRSC-OUT,forward
3DD.003D7FF553,HRSC-OUT,4,Observation,102,2022-07-02T01:48:33Z,2022-07-02T01:48:38Z,5,3483,0.9675,HRSC7,6,SRSC1 SRSC2 HRSC1-L HRSC-UP HRSC-MID HRSC-OUT,forward
3DD.003D7FF553,HRSC-OUT,5,Observation,1,2022-07-02T01:52:11Z,2022-07-02T01:52:11Z,0,213,0.059166666666666666,HRSC6,6,SRSC1 SRSC2 HRSC1-L HRSC-UP HRSC-MID HRSC-OUT,forward
3DD.003D7FF556,HRSC-MID,2,Observation,2,2021-10-08T18:28:49Z,2021-10-08T21:28:34Z,10785,779926,216.6461111111111,HRSC5,5,SRSC1 SRSC2 HRSC1-L HRSC-UP HRSC-MID,forward
3DD.003D7FF569,HRSC-MID,5,Observation,1,2021-10-03T20:10:07Z,2021-10-03T20:10:07Z,0,36,0.01,HRSC4,5,SRSC1 SRSC2 HRSC1-L HRSC-UP HRSC-MID,forward
3DD.003D7FF569,HRSC-MID,6,Observation,1,2021-10-03T20:15:05Z,2021-10-03T20:15:05Z,0,298,0.08277777777777778,HRSC5,5,SRSC1 SRSC2 HRSC1-L HRSC-UP HRSC-MID,forward
3DD.003D7FF569,HRSC-MID,7,Observation,1,2021-10-03T22:13:54Z,2021-10-03T22:13:54Z,0,7129,1.9802777777777778,HRSC4,5,SRSC1 SRSC2 HRSC1-L HRSC-UP HRSC-MID,forward
3DD.003D7FF59D,HRSC-OUT,9,Observation,94,2022-05-05T01:20:23Z,2022-05-05T01:20:29Z,6,1224497,340.1380555555556,HRSC8,6,SRSC1 SRSC2 HRSC1-L HRSC-UP HRSC-MID HRSC-OUT,forward
3DD.003D7FF59D,HRSC-OUT,10,Observation,265,2022-05-05T04:40:00Z,2022-05-05T04:40:15Z,15,11971,3.325277777777778,HRSC7,6,SRSC1 SRSC2 HRSC1-L HRSC-UP HRSC-MID HRSC-OUT,forward
3DD.003D7FF59D,HRSC-OUT,11,Observation,32,2022-05-05T04:54:32Z,2022-05-05T04:54:34Z,2,857,0.23805555555555555,HRSC6,6,SRSC1 SRSC2 HRSC1-L HRSC-UP HRSC-MID HRSC-OUT,forward
3DD.003D7FF5A4,HRSC-OUT,2,Observation,1,2021-10-01T20:36:44Z,2021-10-01T20:36:44Z,0,29710,8.252777777777778,HRSC8,6,SRSC1 SRSC2 HRSC1-L HRSC-UP HRSC-MID HRSC-OUT,forward
3DD.003D7FF5A5,HRSC-MID,2,Observation,1,2021-10-01T20:06:39Z,2021-10-01T20:06:39Z,0,14311,3.975277777777778,HRSC5,5,SRSC1 SRSC2 HRSC1-L HRSC-UP HRSC-MID,forward
3DD.003D7FF5A5,HRSC-MID,7,Observation,6244,2022-07-01T07:45:13Z,2022-07-16T14:26:46Z,1320093,2917227,810.3408333333333,HRSC5,5,SRSC1 SRSC2 HRSC1-L HRSC-UP HRSC-MID,forward
3DD.003D7FF620,HRSC-OUT,2,Observation,1,2021-10-02T22:58:14Z,2021-10-02T22:58:14Z,0,26683,7.411944444444444,HRSC8,6,SRSC1 SRSC2 HRSC1-L HRSC-UP HRSC-MID HRSC-OUT,forward
3DD.003D7FF636,HRSC-OUT,2,Observation,1,2021-10-02T21:06:06Z,2021-10-02T21:06:06Z,0,21949,6.0969444444444445,HRSC8,6,SRSC1 SRSC2 HRSC1-L HRSC-UP HRSC-MID HRSC-OUT,forward
3DD.003D7FF653,HRSC-OUT,2,Observation,36,2022-01-18T15:45:53Z,2022-01-18T16:20:53Z,2100,9242675,2567.409722222222,HRSC8,6,SRSC1 SRSC2 HRSC1-L HRSC-UP HRSC-MID HRSC-OUT,forward
3DD.003D7FF653,HRSC-OUT,3,Observation,1,2022-01-19T01:16:07Z,2022-01-19T01:16:07Z,0,32114,8.920555555555556,HRSC7,6,SRSC1 SRSC2 HRSC1-L HRSC-UP HRSC-MID HRSC-OUT,forward
3DD.003D7FF653,HRSC-OUT,4,Observation,1,2022-01-19T01:25:39Z,2022-01-19T01:25:39Z,0,572,0.15888888888888889,HRSC6,6,SRSC1 SRSC2 HRSC1-L HRSC-UP HRSC-MID HRSC-OUT,forward
3DD.003D7FF69A,HRSC-OUT,2,Observation,1,2021-10-04T23:56:47Z,2021-10-04T23:56:47Z,0,14678,4.077222222222222,HRSC8,6,SRSC1 SRSC2 HRSC1-L HRSC-UP HRSC-MID HRSC-OUT,forward
3DD.003D7FF6C8,HRSC-MID,3,Observation,6,2021-12-18T07:25:11Z,2021-12-18T08:11:59Z,2808,181,0.050277777777777775,HRSC4,5,SRSC1 SRSC2 HRSC1-L HRSC-UP HRSC-MID,forward
3DD.003DE65D8F,HRSC-OUT,1,Observation,3,2022-04-01T18:52:39Z,2022-04-01T19:11:07Z,1108,NA,NA,HRSC6,6,SRSC1 SRSC2 HRSC1-L HRSC-UP HRSC-MID HRSC-OUT,forward
3DD.003DE65DD5,HRSC-OUT,1,Observation,1,2022-04-02T13:52:35Z,2022-04-02T13:52:35Z,0,NA,NA,HRSC6,6,SRSC1 SRSC2 HRSC1-L HRSC-UP HRSC-MID HRSC-OUT,forward
3DD.003DE65DD5,HRSC-OUT,2,Observation,1,2022-04-02T13:54:13Z,2022-04-02T13:54:13Z,0,98,0.02722222222222222,HRSC7,6,SRSC1 SRSC2 HRSC1-L HRSC-UP HRSC-MID HRSC-OUT,forward
3DD.003DE65DD5,HRSC-OUT,3,Observation,1,2022-04-02T19:11:12Z,2022-04-02T19:11:12Z,0,19019,5.283055555555555,HRSC8,6,SRSC1 SRSC2 HRSC1-L HRSC-UP HRSC-MID HRSC-OUT,forward
3DD.003DE65DF4,HRSC-OUT,1,Observation,61,2022-05-11T01:27:15Z,2022-05-11T01:27:17Z,2,NA,NA,HRSC8,6,SRSC1 SRSC2 HRSC1-L HRSC-UP HRSC-MID HRSC-OUT,forward
3DD.003DE65E1E,HRSC-OUT,2,Observation,58,2022-05-11T20:16:18Z,2022-05-11T20:16:22Z,4,116017,32.22694444444444,HRSC6,6,SRSC1 SRSC2 HRSC1-L HRSC-UP HRSC-MID HRSC-OUT,forward
3DD.003DE65E1E,HRSC-OUT,3,Observation,44,2022-05-11T20:17:16Z,2022-05-11T20:17:17Z,1,54,0.015,HRSC7,6,SRSC1 SRSC2 HRSC1-L HRSC-UP HRSC-MID HRSC-OUT,forward
3DD.003DE65E1E,HRSC-OUT,4,Observation,30,2022-05-11T20:40:23Z,2022-05-11T20:40:26Z,3,1386,0.385,HRSC8,6,SRSC1 SRSC2 HRSC1-L HRSC-UP HRSC-MID HRSC-OUT,forward
3DD.003DE65E3D,HRSC-OUT,2,Observation,114,2022-05-07T22:54:41Z,2022-05-07T22:54:44Z,3,279633,77.67583333333333,HRSC6,6,SRSC1 SRSC2 HRSC1-L HRSC-UP HRSC-MID HRSC-OUT,forward
3DD.003DE65E3D,HRSC-OUT,3,Observation,27,2022-05-07T22:55:10Z,2022-05-07T22:55:11Z,1,26,0.007222222222222222,HRSC7,6,SRSC1 SRSC2 HRSC1-L HRSC-UP HRSC-MID HRSC-OUT,forward
3DD.003DE65E3D,HRSC-OUT,4,Observation,9,2022-05-07T23:07:26Z,2022-05-07T23:07:27Z,1,735,0.20416666666666666,HRSC8,6,SRSC1 SRSC2 HRSC1-L HRSC-UP HRSC-MID HRSC-OUT,forward
3DD.003DE65F9C,HRSC-OUT,1,Observation,1,2022-04-04T20:51:59Z,2022-04-04T20:51:59Z,0,NA,NA,HRSC8,6,SRSC1 SRSC2 HRSC1-L HRSC-UP HRSC-MID HRSC-OUT,forward
3DD.003DE65FCE,HRSC-OUT,1,Observation,2,2022-04-05T12:25:31Z,2022-04-05T12:36:00Z,629,NA,NA,HRSC6,6,SRSC1 SRSC2 HRSC1-L HRSC-UP HRSC-MID HRSC-OUT,forward
3DD.003DE65FCE,HRSC-OUT,2,Observation,1,2022-04-05T12:49:21Z,2022-04-05T12:49:21Z,0,801,0.2225,HRSC7,6,SRSC1 SRSC2 HRSC1-L HRSC-UP HRSC-MID HRSC-OUT,forward
3DD.003DE65FCE,HRSC-OUT,3,Observation,1,2022-04-05T19:21:13Z,2022-04-05T19:21:13Z,0,23512,6.5311111111111115,HRSC8,6,SRSC1 SRSC2 HRSC1-L HRSC-UP HRSC-MID HRSC-OUT,forward
3DD.003DE65FEE,HRSC-OUT,1,Observation,1,2022-04-11T18:29:30Z,2022-04-11T18:29:30Z,0,NA,NA,HRSC6,6,SRSC1 SRSC2 HRSC1-L HRSC-UP HRSC-MID HRSC-OUT,forward
3DD.003DE65FEE,HRSC-OUT,2,Observation,5,2022-04-11T18:31:04Z,2022-04-11T18:35:03Z,239,94,0.026111111111111113,HRSC7,6,SRSC1 SRSC2 HRSC1-L HRSC-UP HRSC-MID HRSC-OUT,forward
3DD.003DE65FEE,HRSC-OUT,3,Observation,1,2022-04-11T19:06:06Z,2022-04-11T19:06:06Z,0,1863,0.5175,HRSC8,6,SRSC1 SRSC2 HRSC1-L HRSC-UP HRSC-MID HRSC-OUT,forward
3DD.003DE66016,HRSC-OUT,1,Observation,1,2022-04-15T19:38:56Z,2022-04-15T19:38:56Z,0,NA,NA,HRSC8,6,SRSC1 SRSC2 HRSC1-L HRSC-UP HRSC-MID HRSC-OUT,forward
3DD.003DE66060,HRSC-MID,5,Observation,98,2022-05-28T12:27:25Z,2022-05-28T12:27:32Z,7,783,0.2175,HRSC4,5,SRSC1 SRSC2 HRSC1-L HRSC-UP HRSC-MID,forward
3DD.003DE6607A,HRSC-OUT,2,Observation,60,2022-05-19T20:57:00Z,2022-05-19T20:57:02Z,2,37786,10.49611111111111,HRSC8,6,SRSC1 SRSC2 HRSC1-L HRSC-UP HRSC-MID HRSC-OUT,forward
3DD.003DE6607B,HRSC-OUT,1,Observation,1,2022-07-03T22:57:01Z,2022-07-03T22:57:01Z,0,NA,NA,HRSC6,6,SRSC1 SRSC2 HRSC1-L HRSC-UP HRSC-MID HRSC-OUT,forward
3DD.003DE6607B,HRSC-OUT,2,Observation,19,2022-07-03T22:57:28Z,2022-07-03T22:57:29Z,1,27,0.0075,HRSC7,6,SRSC1 SRSC2 HRSC1-L HRSC-UP HRSC-MID HRSC-OUT,forward
3DD.003DE6607B,HRSC-OUT,3,Observation,1,2022-07-03T23:07:50Z,2022-07-03T23:07:50Z,0,621,0.1725,HRSC8,6,SRSC1 SRSC2 HRSC1-L HRSC-UP HRSC-MID HRSC-OUT,forward
3DD.003DE661AA,HRSC-OUT,1,Observation,1,2022-04-06T18:58:07Z,2022-04-06T18:58:07Z,0,NA,NA,HRSC6,6,SRSC1 SRSC2 HRSC1-L HRSC-UP HRSC-MID HRSC-OUT,forward
3DD.003DE661AA,HRSC-OUT,2,Observation,1,2022-04-06T18:58:39Z,2022-04-06T18:58:39Z,0,32,0.008888888888888889,HRSC7,6,SRSC1 SRSC2 HRSC1-L HRSC-UP HRSC-MID HRSC-OUT,forward
3DD.003DE661AA,HRSC-OUT,3,Observation,1,2022-04-06T19:37:25Z,2022-04-06T19:37:25Z,0,2326,0.6461111111111111,HRSC8,6,SRSC1 SRSC2 HRSC1-L HRSC-UP HRSC-MID HRSC-OUT,forward
3DD.003DE661D4,HRSC-OUT,1,Observation,1,2022-04-20T19:53:50Z,2022-04-20T19:53:50Z,0,NA,NA,HRSC8,6,SRSC1 SRSC2 HRSC1-L HRSC-UP HRSC-MID HRSC-OUT,forward
3DD.003DE66426,HRSC-OUT,1,Observation,2,2022-04-22T13:14:18Z,2022-04-22T18:32:40Z,19102,NA,NA,HRSC6,6,SRSC1 SRSC2 HRSC1-L HRSC-UP HRSC-MID HRSC-OUT,forward
3DD.003DE66426,HRSC-OUT,2,Observation,1,2022-04-22T18:39:27Z,2022-04-22T18:39:27Z,0,407,0.11305555555555556,HRSC7,6,SRSC1 SRSC2 HRSC1-L HRSC-UP HRSC-MID HRSC-OUT,forward
3DD.003DE66426,HRSC-OUT,3,Observation,1,2022-04-22T19:36:06Z,2022-04-22T19:36:06Z,0,3399,0.9441666666666667,HRSC8,6,SRSC1 SRSC2 HRSC1-L HRSC-UP HRSC-MID HRSC-OUT,forward
3DD.003DE665C4,HRSC-OUT,1,Observation,1,2022-04-10T12:41:06Z,2022-04-10T12:41:06Z,0,NA,NA,HRSC6,6,SRSC1 SRSC2 HRSC1-L HRSC-UP HRSC-MID HRSC-OUT,forward
3DD.003DE665C4,HRSC-OUT,2,Observation,1,2022-04-10T12:41:45Z,2022-04-10T12:41:45Z,0,39,0.010833333333333334,HRSC7,6,SRSC1 SRSC2 HRSC1-L HRSC-UP HRSC-MID HRSC-OUT,forward
3DD.003DE665C4,HRSC-OUT,3,Observation,1,2022-04-10T19:09:49Z,2022-04-10T19:09:49Z,0,23284,6.467777777777778,HRSC8,6,SRSC1 SRSC2 HRSC1-L HRSC-UP HRSC-MID HRSC-OUT,forward
3DD.003DE66A8B,HRSC-OUT,2,Observation,50,2022-06-05T20:13:24Z,2022-06-05T20:13:25Z,1,1920,0.5333333333333333,HRSC6,6,SRSC1 SRSC2 HRSC1-L HRSC-UP HRSC-MID HRSC-OUT,forward
3DD.003DE66A8B,HRSC-OUT,3,Observation,20,2022-06-05T20:13:45Z,2022-06-05T20:13:45Z,0,20,0.005555555555555556,HRSC7,6,SRSC1 SRSC2 HRSC1-L HRSC-UP HRSC-MID HRSC-OUT,forward
3DD.003DE66A8B,HRSC-OUT,4,Observation,12,2022-06-05T20:21:06Z,2022-06-05T20:21:07Z,1,441,0.1225,HRSC8,6,SRSC1 SRSC2 HRSC1-L HRSC-UP HRSC-MID HRSC-OUT,forward
3DD.003DE66ACD,HRSC-OUT,2,Observation,14,2022-06-03T20:59:04Z,2022-06-03T20:59:04Z,0,37005,10.279166666666667,HRSC8,6,SRSC1 SRSC2 HRSC1-L HRSC-UP HRSC-MID HRSC-OUT,forward
3DD.003DE66AD6,HRSC-MID,3,Observation,5201,2022-06-05T20:41:55Z,2022-06-07T12:56:49Z,144894,540,0.15,HRSC4,5,SRSC1 SRSC2 HRSC1-L HRSC-UP HRSC-MID,forward
3DD.003DE66AD6,HRSC-MID,5,Observation,500,2022-06-07T19:25:05Z,2022-07-21T23:20:41Z,3815736,2283,0.6341666666666667,HRSC4,5,SRSC1 SRSC2 HRSC1-L HRSC-UP HRSC-MID,forward
3DD.003DE66AD6,HRSC-MID,6,Observation,1,2022-07-21T23:26:13Z,2022-07-21T23:26:13Z,0,332,0.09222222222222222,HRSC5,5,SRSC1 SRSC2 HRSC1-L HRSC-UP HRSC-MID,forward
3DD.003DE66CBB,HRSC-OUT,2,Observation,60,2022-05-13T20:19:56Z,2022-05-13T20:19:59Z,3,380278,105.63277777777778,HRSC8,6,SRSC1 SRSC2 HRSC1-L HRSC-UP HRSC-MID HRSC-OUT,forward
3DD.003DE66CE9,HRSC-OUT,2,Observation,55,2022-06-11T21:25:37Z,2022-06-11T21:25:38Z,1,39956,11.098888888888888,HRSC6,6,SRSC1 SRSC2 HRSC1-L HRSC-UP HRSC-MID HRSC-OUT,forward
3DD.003DE66CE9,HRSC-OUT,3,Observation,23,2022-06-11T21:25:49Z,2022-06-11T21:25:50Z,1,11,0.0030555555555555557,HRSC7,6,SRSC1 SRSC2 HRSC1-L HRSC-UP HRSC-MID HRSC-OUT,forward
3DD.003DE66CE9,HRSC-OUT,4,Observation,25,2022-06-11T22:19:39Z,2022-06-11T22:19:39Z,0,3229,0.8969444444444444,HRSC8,6,SRSC1 SRSC2 HRSC1-L HRSC-UP HRSC-MID HRSC-OUT,forward
3DD.003DE66D10,HRSC-OUT,2,Observation,41,2022-06-07T20:58:21Z,2022-06-07T20:58:22Z,1,11175,3.1041666666666665,HRSC6,6,SRSC1 SRSC2 HRSC1-L HRSC-UP HRSC-MID HRSC-OUT,forward
3DD.003DE66D25,HRSC-OUT,2,Observation,89,2022-06-11T02:15:05Z,2022-06-11T02:15:08Z,3,52864,14.684444444444445,HRSC6,6,SRSC1 SRSC2 HRSC1-L HRSC-UP HRSC-MID HRSC-OUT,forward
3DD.003DE66D25,HRSC-OUT,3,Observation,36,2022-06-11T02:15:22Z,2022-06-11T02:15:23Z,1,14,0.0038888888888888888,HRSC7,6,SRSC1 SRSC2 HRSC1-L HRSC-UP HRSC-MID HRSC-OUT,forward
3DD.003DE66D25,HRSC-OUT,4,Observation,38,2022-06-11T02:20:13Z,2022-06-11T02:20:14Z,1,290,0.08055555555555556,HRSC8,6,SRSC1 SRSC2 HRSC1-L HRSC-UP HRSC-MID HRSC-OUT,forward
3DD.003DE66F6A,HRSC-OUT,2,Observation,6083,2022-05-09T19:22:05Z,2022-05-09T20:22:57Z,3652,113026,31.39611111111111,HRSC6,6,SRSC1 SRSC2 HRSC1-L HRSC-UP HRSC-MID HRSC-OUT,forward
3DD.003DE66F6A,HRSC-OUT,3,Observation,62,2022-05-09T20:23:38Z,2022-05-09T20:23:40Z,2,41,0.01138888888888889,HRSC7,6,SRSC1 SRSC2 HRSC1-L HRSC-UP HRSC-MID HRSC-OUT,forward
3DD.003DE66F6A,HRSC-OUT,4,Observation,29,2022-05-09T20:57:45Z,2022-05-09T20:57:46Z,1,2045,0.5680555555555555,HRSC8,6,SRSC1 SRSC2 HRSC1-L HRSC-UP HRSC-MID HRSC-OUT,forward
3DD.003DE67062,HRSC-OUT,2,Observation,40,2022-05-26T19:49:45Z,2022-05-26T19:49:46Z,1,1496696,415.74888888888887,HRSC8,6,SRSC1 SRSC2 HRSC1-L HRSC-UP HRSC-MID HRSC-OUT,forward
3DD.003DE67092,HRSC-OUT,2,Observation,54,2022-05-07T20:29:41Z,2022-05-07T20:29:43Z,2,31051,8.625277777777777,HRSC6,6,SRSC1 SRSC2 HRSC1-L HRSC-UP HRSC-MID HRSC-OUT,forward
3DD.003DE67092,HRSC-OUT,3,Observation,38,2022-05-07T20:30:12Z,2022-05-07T20:30:13Z,1,29,0.008055555555555555,HRSC7,6,SRSC1 SRSC2 HRSC1-L HRSC-UP HRSC-MID HRSC-OUT,forward
3DD.003DE67092,HRSC-OUT,4,Observation,30,2022-05-07T20:41:07Z,2022-05-07T20:41:07Z,0,654,0.18166666666666667,HRSC8,6,SRSC1 SRSC2 HRSC1-L HRSC-UP HRSC-MID HRSC-OUT,forward
3DD.003DE67254,HRSC-OUT,2,Observation,46,2022-05-13T22:35:28Z,2022-05-13T22:35:29Z,1,47536,13.204444444444444,HRSC6,6,SRSC1 SRSC2 HRSC1-L HRSC-UP HRSC-MID HRSC-OUT,forward
3DD.003DE67254,HRSC-OUT,3,Observation,22,2022-05-13T22:39:27Z,2022-05-13T22:39:27Z,0,238,0.0661111111111111,HRSC7,6,SRSC1 SRSC2 HRSC1-L HRSC-UP HRSC-MID HRSC-OUT,forward
3DD.003DE67254,HRSC-OUT,4,Observation,42,2022-05-13T23:16:05Z,2022-05-13T23:16:06Z,1,2198,0.6105555555555555,HRSC8,6,SRSC1 SRSC2 HRSC1-L HRSC-UP HRSC-MID HRSC-OUT,forward
3DD.003DE672AB,HRSC-MID,3,Observation,57,2022-05-16T08:39:35Z,2022-05-16T08:43:32Z,237,238,0.0661111111111111,HRSC4,5,SRSC1 SRSC2 HRSC1-L HRSC-UP HRSC-MID,forward
3DD.003DE672B0,HRSC-OUT,2,Observation,34,2022-05-16T20:54:41Z,2022-05-16T20:54:42Z,1,12884,3.578888888888889,HRSC6,6,SRSC1 SRSC2 HRSC1-L HRSC-UP HRSC-MID HRSC-OUT,forward
3DD.003DE672B0,HRSC-OUT,3,Observation,30,2022-05-16T21:07:50Z,2022-05-16T21:07:52Z,2,788,0.21888888888888888,HRSC7,6,SRSC1 SRSC2 HRSC1-L HRSC-UP HRSC-MID HRSC-OUT,forward
3DD.003DE672B0,HRSC-OUT,4,Observation,32,2022-05-16T21:27:18Z,2022-05-16T21:27:19Z,1,1166,0.3238888888888889,HRSC8,6,SRSC1 SRSC2 HRSC1-L HRSC-UP HRSC-MID HRSC-OUT,forward
3DD.003DE672C9,HRSC-MID,2,Observation,8,2022-06-14T23:44:30Z,2022-06-14T23:44:30Z,0,2346055,651.6819444444444,HRSC4,5,SRSC1 SRSC2 HRSC1-L HRSC-UP HRSC-MID,forward
3DD.003DE672E2,HRSC-OUT,1,Observation,65,2022-05-18T20:50:36Z,2022-05-18T20:50:38Z,2,NA,NA,HRSC6,6,SRSC1 SRSC2 HRSC1-L HRSC-UP HRSC-MID HRSC-OUT,forward
3DD.003DE672E2,HRSC-OUT,2,Observation,3763,2022-05-18T20:54:17Z,2022-05-18T20:56:45Z,148,219,0.060833333333333336,HRSC7,6,SRSC1 SRSC2 HRSC1-L HRSC-UP HRSC-MID HRSC-OUT,forward
3DD.003DE672E2,HRSC-OUT,3,Observation,246,2022-05-18T21:21:11Z,2022-05-18T21:21:25Z,14,1466,0.4072222222222222,HRSC8,6,SRSC1 SRSC2 HRSC1-L HRSC-UP HRSC-MID HRSC-OUT,forward
